股票名称,股票代码
N江航,'688586
N盟升,'688311
N起帆,'605222
N国联,'601456
N甘源,'002991
力鼎光电,'605118
建霖家居,'603408
爱博医疗,'688050
国光连锁,'605188
科拓生物,'300858
协创数据,'300857
申昊科技,'300853
图南股份,'300855
力合微,'688589
奇安信-U,'688561
芯朋微,'688508
震有科技,'688418
三生国健,'688336
大地熊,'688077
德林海,'688069
科思股份,'300856
伟思医疗,'688580
艾迪药业,'688488
寒武纪-U,'688256
美瑞新材,'300848
山大地纬,'688579
孚能科技,'688567
交大思诺,'300851
中芯国际-U,'688981
慧辰资讯,'688500
同庆楼,'605108
君实生物-U,'688180
埃夫特-U,'688165
恒誉环保,'688309
四会富仕,'300852
新强联,'300850
云涌科技,'688060
葫芦娃,'605199
锦盛新材,'300849
国盾量子,'688027
中船汉光,'300847
中科星图,'688568
迪威尔,'688377
酷特智能,'300840
天智航-U,'688277
皖仪科技,'688600
捷安高科,'300845
胜蓝股份,'300843
秦川物联,'688528
首都在线,'300846
国盛智科,'688558
博汇股份,'300839
甘李药业,'603087
新天绿能,'600956
泽达易盛,'688555
神州细胞-U,'688520
联赢激光,'688518
复旦张江,'688505
北鼎股份,'300824
聚合顺,'605166
帝科股份,'300842
金宏气体,'688106
康华生物,'300841
博汇科技,'688004
XD天合光,'688599
中天精装,'002989
松井股份,'688157
燕麦科技,'688312
浙江力诺,'300838
三峰环境,'601827
浙矿股份,'300837
中泰证券,'600918
德马科技,'688360
宇新股份,'002986
凯迪股份,'605288
三人行,'605168
佰奥智能,'300836
长源东谷,'603950
龙磁科技,'300835
盛视科技,'002990
威奥股份,'605001
奥特维,'688516
浩洋股份,'300833
晶科科技,'601778
金博股份,'688598
吉贝尔,'688566
豪美新材,'002988
新产业,'300832
凌志软件,'688588
XD金科环,'688466
派瑞股份,'300831
京北方,'002987
金现代,'300830
赛伍技术,'603212
光云科技,'688365
万泰生物,'603392
北摩高科,'002985
贵州三力,'603439
芯瑞达,'002983
财富趋势,'688318
湘佳股份,'002982
金田铜业,'601609
金丹科技,'300829
锦和商业,'603682
锐新科技,'300828
沪硅产业-U,'688126
朝阳科技,'002981
安宁股份,'002978
成都先导,'688222
越剑智能,'603095
华盛昌,'002980
上能电气,'300827
京源环保,'688096
三友医疗,'688085
雷赛智能,'002979
和顺石油,'603353
测绘股份,'300826
开普云,'688228
阿尔特,'300825
南新制药,'688189
爱丽家居,'603221
佳华科技,'688051
建科机械,'300823
天箭科技,'002977
贝仕达克,'300822
东岳硅材,'300821
聚杰微纤,'300819
雪龙集团,'603949
瑞玛工业,'002976
建业股份,'603948
华润微,'688396
紫晶存储,'688086
中银证券,'601696
良品铺子,'603719
神工股份,'688233
百奥泰-U,'688177
石头科技,'688169
华峰测控,'688200
双飞股份,'300817
瑞松科技,'688090
道通科技,'688208
英杰电气,'300820
映翰通,'688080
耐普矿机,'300818
赛特新材,'688398
广大特材,'688186
艾可蓝,'300816
瑞芯微,'603893
公牛集团,'603195
东方生物,'688298
博杰股份,'002975
斯达半导,'603290
泽璟制药-U,'688266
有方科技,'688159
玉禾田,'300815
洁特生物,'688026
威胜信息,'688100
优刻得-W,'688158
特宝生物,'688278
京沪高铁,'601816
奥普家居,'603551
万德斯,'688178
泰林生物,'300813
和远气体,'002971
易天股份,'300812
八亿时空,'688181
兴图新科,'688081
侨银环保,'002973
神驰机电,'603109
龙软科技,'688078
铂科新材,'300811
科安达,'002972
华特气体,'688268
甬金股份,'603995
聚辰股份,'688123
中新集团,'601512
嘉必优,'688089
天迈科技,'300807
成都燃气,'603053
锐明技术,'002970
芯源微,'688037
江苏北人,'688218
当虹科技,'688039
邮储银行,'601658
卓易信息,'688258
佰仁医疗,'688198
中科海讯,'300810
硕世生物,'688399
建龙微纳,'688357
普元信息,'688118
华辰装备,'300809
祥生医疗,'688358
迈得医疗,'688310
新大正,'002968
嘉美包装,'002969
久量股份,'300808
泰和科技,'300801
浙商银行,'601916
通达电气,'603390
斯迪克,'300806
锦鸡股份,'300798
卓越新能,'688196
电声股份,'300805
清溢光电,'688138
金山办公,'688111
指南针,'300803
联瑞新材,'688300
三达膜,'688101
贝斯美,'300796
矩子科技,'300802
八方股份,'603489
博瑞医药,'688166
筑博设计,'300564
广电计量,'002967
华熙生物,'688363
长阳科技,'688299
鸿泉物联,'688288
奥福环保,'688021
力合科技,'300800
普门科技,'688389
美迪西,'688202
久日新材,'688199
中国电研,'688128
安恒信息,'688023
宝兰德,'688058
钢研纳克,'300797
致远互联,'688369
杰普特,'688025
昊海生科,'688366
赛诺医疗,'688108
麒盛科技,'603610
渝农商行,'601077
左江科技,'300799
申联生物,'688098
豪尔赛,'002963
海尔生物,'688139
祥鑫科技,'002965
米奥会展,'300795
交建股份,'603815
佳禾智能,'300793
科博达,'603786
晶丰明源,'688368
热景生物,'688068
传音控股,'688036
山石网科,'688030
壹网壹创,'300792
天奈科技,'688116
仙乐健康,'300791
宇瞳光学,'300790
五方光电,'002962
中科软,'603927
安博通,'688168
瑞达期货,'002961
南华期货,'603093
日辰股份,'603755
唐源电气,'300789
松霖科技,'603992
中国广核,'003816
小熊电器,'002959
海能实业,'300787
微芯生物,'688321
海星股份,'603115
青鸟消防,'002960
柏楚电子,'688188
晶晨股份,'688099
柯力传感,'603662
神马电力,'603530
苏州银行,'002966
国联股份,'603613
景津环保,'603279
大胜达,'603687
科瑞技术,'002957
丸美股份,'603983
国林科技,'300786
嘉元科技,'688388
铂力特,'688333
西部超导,'688122
虹软科技,'688088
航天宏图,'688066
天宜上佳,'688033
南微医学,'688029
沃尔德,'688028
瀚川智能,'688022
方邦股份,'688020
安集科技,'688019
乐鑫科技,'688018
心脉医疗,'688016
交控科技,'688015
中微公司,'688012
新光光电,'688011
福光股份,'688010
中国通号,'688009
澜起科技,'688008
光峰科技,'688007
杭可科技,'688006
容百科技,'688005
天准科技,'688003
睿创微纳,'688002
华兴源创,'688001
宏和科技,'603256
移远通信,'603236
值得买,'300785
三只松鼠,'300783
红塔证券,'601236
中信出版,'300788
中国卫通,'601698
新化股份,'603867
海油发展,'600968
松炀资源,'603863
朗进科技,'300594
元利科技,'603217
西麦食品,'002956
卓胜微,'300782
国茂股份,'603915
因赛集团,'300781
德恩精工,'300780
福蓉科技,'603327
鸿合科技,'002955
泉峰汽车,'603982
惠城环保,'300779
三角防务,'300775
帝尔激光,'300776
宝丰能源,'600989
中简科技,'300777
鸿远电子,'603267
新城市,'300778
日丰股份,'002953
有友食品,'603697
中创物流,'603967
运达股份,'300772
拉卡拉,'300773
智莱科技,'300771
新媒股份,'300770
天味食品,'603317
博通集成,'603068
德方纳米,'300769
迪普科技,'300768
三美股份,'603379
震安科技,'300767
亚世光电,'002952
永冠新材,'603681
青农商行,'002958
每日互动,'300766
新诺威,'300765
锦浪科技,'300763
金时科技,'002951
上海瀚讯,'300762
奥美医疗,'002950
西安银行,'600928
华阳国际,'002949
威派格,'603956
七彩化学,'300758
立华股份,'300761
福莱特,'601865
恒铭达,'002947
威尔药业,'603351
华致酒行,'300755
康龙化成,'300759
新乳业,'002946
明阳智能,'601615
宁水集团,'603700
青岛港,'601298
苏州龙杰,'603332
华林证券,'002945
蔚蓝生物,'603739
青岛银行,'002948
华培动力,'603121
罗博特科,'300757
紫金银行,'601860
上机数控,'603185
中山金马,'300756
利通电子,'603629
爱朋医疗,'300753
新农股份,'002942
隆利科技,'300752
海容冷链,'603187
宇晶股份,'002943
新疆交建,'002941
中国人保,'601319
中贝通信,'603220
迈为股份,'300751
宇信科技,'300674
长城证券,'002939
昂利康,'002940
天风证券,'601162
迈瑞医疗,'300760
蠡湖股份,'300694
长沙银行,'601577
兴瑞科技,'002937
顶固集创,'300749
捷昌驱动,'603583
金力永磁,'300748
郑州银行,'002936
鹏鼎控股,'002938
丰山集团,'603810
雅运股份,'603790
永新光学,'603297
天奥电子,'002935
中铝国际,'601068
汇得科技,'603192
新兴装备,'002933
康辰药业,'603590
捷佳伟创,'300724
长城军工,'601606
春光科技,'603657
长飞光纤,'601869
密尔克卫,'603713
明德生物,'002932
东方环宇,'603706
芯能科技,'603105
江苏新能,'603693
彤程新材,'603650
锐科激光,'300747
地素时尚,'603587
中信建投,'601066
南京证券,'601990
亿嘉和,'603666
绿色动力,'601330
宁德时代,'300750
工业富联,'601138
科沃斯,'603486
汉嘉设计,'300746
欣锐科技,'300745
福达合金,'603045
深信服,'300454
亚普股份,'603013
药明康德,'603259
越博动力,'300742
伯特利,'603596
天地数码,'300743
文灿股份,'603348
仙鹤股份,'603733
鼎胜新材,'603876
沃格光电,'603773
振德医疗,'603301
长城科技,'603897
锋龙股份,'002931
爱婴室,'603214
天邑股份,'300504
宏川智慧,'002930
湖南盐业,'600929
彩讯股份,'300634
倍加洁,'603059
华夏航空,'002928
江苏租赁,'600901
华宝股份,'300741
润建股份,'002929
今创集团,'603680
七一二,'603712
泰永长征,'002927
养元饮品,'603156
中源家居,'603709
御家汇,'300740
嘉友国际,'603871
南京聚隆,'300644
华西证券,'002926
淳中科技,'603516
南都物业,'603506
明阳电路,'300739
成都银行,'601838
科顺股份,'300737
华菱精工,'603356
天永智能,'603895
奥飞数据,'300738
万兴科技,'300624
美凯龙,'601828
德邦股份,'603056
西菱动力,'300733
盈趣科技,'002925
百邦科技,'300736
科华控股,'603161
鹏鹞环保,'300664
润都股份,'002923
新疆火炬,'603080
朗博科技,'603655
上海雅仕,'603329
光弘科技,'300735
伊戈尔,'002922
中石科技,'300684
联诚精密,'002921
德赛西威,'002920
赛腾股份,'603283
蒙娜丽莎,'002918
振静股份,'603477
名臣健康,'002919
华能水电,'600025
深南电路,'002916
春秋电子,'603890
设研院,'300732
科创新源,'300731
金奥博,'002917
科创信息,'300730
中欣氟材,'002915
合力科技,'603917
好太太,'603848
乐歌股份,'300729
奥士康,'002913
香飘飘,'603711
豪能股份,'603809
晨丰科技,'603685
润禾材料,'300727
山东出版,'601019
佛燃能源,'002911
恒林股份,'603661
宏达电子,'300726
中新赛克,'002912
水星家纺,'603365
中曼石油,'603619
爱柯迪,'600933
中农立华,'603970
一品红,'300723
盘龙药业,'002864
珀莱雅,'603605
怡达股份,'300721
大业股份,'603278
乐惠国际,'603076
苏博特,'603916
剑桥科技,'603083
药石科技,'300725
新余国科,'300722
安达维尔,'300719
国立科技,'300716
贵州燃气,'600903
东宏股份,'603856
振江股份,'603507
海川智能,'300720
长盛轴承,'300718
华信新材,'300717
璞泰来,'603659
丽岛新材,'603937
佳力图,'603912
英可瑞,'300713
广哈通信,'300711
泰瑞机器,'603289
永福股份,'300712
庄园牧场,'002910
合盛硅业,'603260
凯伦股份,'300715
集泰股份,'002909
阿科力,'603722
京华激光,'603607
财通证券,'601108
金鸿顺,'603922
晶华新材,'603683
风语筑,'603466
德生科技,'002908
华森制药,'002907
万隆光电,'300710
精研科技,'300709
金辰股份,'603396
洛凯股份,'603829
翔港科技,'603499
聚灿光电,'300708
金逸影视,'002905
东方材料,'603110
华阳集团,'002906
宇环数控,'002903
横店影视,'603103
威唐工业,'300707
九典制药,'300705
辰欣药业,'603367
国芳集团,'601086
铭普光磁,'002902
亚士创能,'603378
天目湖,'603136
傲农生物,'603363
阿石创,'300706
世纪天鸿,'300654
大理药业,'603963
大博医疗,'002901
哈三联,'002900
掌阅科技,'603533
台华新材,'603055
恒银科技,'603106
创源文化,'300703
天宇股份,'300702
原尚股份,'603813
梅轮电梯,'603321
森霸传感,'300701
英派斯,'002899
华通热力,'002893
畅联股份,'603648
广东骏亚,'603386
岱勒新材,'300700
赛隆药业,'002898
银都股份,'603277
金域医学,'603882
兆丰股份,'300695
众源新材,'603527
电工合金,'300697
意华股份,'002897
天安新材,'603725
建研院,'603183
祥和实业,'603500
东珠生态,'603359
光威复材,'300699
万马科技,'300698
中大力德,'002896
昭衍新药,'603127
川恒股份,'002895
皇马科技,'603181
圣达生物,'603079
正川股份,'603976
爱乐达,'300696
盛弘股份,'300693
中国出版,'601949
中环环保,'300692
中宠股份,'002891
起步股份,'603557
春风动力,'603129
永安行,'603776
科力尔,'002892
秦港股份,'601326
中广天择,'603721
联合光电,'300691
纵横通信,'603602
创业黑马,'300688
勘设股份,'603458
澄天伟业,'300689
嘉诚国际,'603535
双一科技,'300690
海特生物,'300683
深圳新星,'603978
南卫股份,'603880
智动力,'300686
赛意信息,'300687
中公高科,'603860
华扬联众,'603825
艾德生物,'300685
弘宇股份,'002890
设计总院,'603357
朗新科技,'300682
绿茵生态,'002887
大参林,'603233
电连技术,'300679
东方嘉盛,'002889
岱美股份,'603730
禾望电气,'603063
中科信息,'300678
英搏尔,'300681
隆盛科技,'300680
卫信康,'603676
英科医疗,'300677
惠威科技,'002888
嘉泽新能,'601619
健友股份,'603707
建科院,'300675
索通发展,'603612
基蛋生物,'603387
金龙羽,'002882
华大基因,'300676
东尼电子,'603595
国科微,'300672
大元泵业,'603757
佩蒂股份,'300673
凌霄泵业,'002884
旭升股份,'603305
长缆科技,'002879
睿能科技,'603933
百达精工,'603331
富满电子,'300671
君禾股份,'603617
大烨智能,'300670
志邦家居,'603801
沪宁股份,'300669
三孚股份,'603938
日盈电子,'603286
广州酒家,'603043
沃特股份,'002886
京泉华,'002885
浙商证券,'601878
易德龙,'603380
美格智能,'002881
华体科技,'603679
迪生力,'603335
中设股份,'002883
诚邦股份,'603316
杰恩设计,'300668
必创科技,'300667
我乐家居,'603326
卫光生物,'002880
吉华集团,'603980
菲林格尔,'603226
江丰电子,'300666
永悦科技,'603879
中马传动,'603767
惠发食品,'603536
飞鹿股份,'300665
科蓝软件,'300663
科锐国际,'300662
恒为科技,'603496
圣邦股份,'300661
元隆雅图,'002878
智能自控,'002877
华脉科技,'603042
江苏雷利,'300660
延江股份,'300658
上海洗霸,'603200
安奈儿,'002875
日播时尚,'603196
中孚信息,'300659
艾艾精工,'603580
三利谱,'002876
华荣股份,'603855
弘信电子,'300657
晶瑞股份,'300655
顶点软件,'603383
保隆科技,'603197
民德电子,'300656
新天药业,'002873
秦安股份,'603758
海鸥股份,'603269
展鹏科技,'603488
正海生物,'300653
雷迪克,'300652
苏垦农发,'601952
香山股份,'002870
金溢科技,'002869
金牌厨柜,'603180
金能科技,'603113
先达股份,'603086
伟隆股份,'002871
铁流股份,'603926
寿仙谷,'603896
鸣志电器,'603728
奥翔药业,'603229
金陵体育,'300651
恒润股份,'603985
杭州园林,'300649
万通智控,'300643
韦尔股份,'603501
金石资源,'603505
太龙照明,'300650
超频三,'300647
绿康生化,'002868
迪贝电气,'603320
新日股份,'603787
周大生,'002867
世运电路,'603920
友讯达,'300514
传艺科技,'002866
新经典,'603096
星云股份,'300648
钧达股份,'002865
格尔软件,'603232
康惠制药,'603139
正元智慧,'300645
透景生命,'300642
三超新材,'300554
瑞斯康达,'603803
大丰实业,'603081
新凤鸣,'603225
正丹股份,'300641
今飞凯达,'002863
德艺文创,'300640
长川科技,'300604
坤彩科技,'603826
科林电气,'603050
联泰环保,'603797
广和通,'300638
瀛通通讯,'002861
利群股份,'601366
凯普生物,'300639
扬帆新材,'300637
星帅尔,'002860
实丰文化,'002862
龙蟠科技,'603906
江化微,'603078
美诺华,'603538
洁美科技,'002859
金麒麟,'603586
开立医疗,'300633
光莆股份,'300632
惠达卫浴,'603385
同和药业,'300636
中达安,'300635
得邦照明,'603303
美思德,'603041
广州港,'601228
欧派家居,'603833
圣龙股份,'603178
普利制药,'300630
天域生态,'603717
常青股份,'603768
元成股份,'603388
新劲刚,'300629
力盛赛车,'002858
快意电梯,'002774
久吾高科,'300631
三晖电气,'002857
泰禾光电,'603656
华测导航,'300627
捷荣技术,'002855
碳元科技,'603133
华瑞股份,'300626
美芝股份,'002856
绝味食品,'603517
新泉股份,'603179
亿联网络,'300628
三雄极光,'300625
维业股份,'300621
诚意药业,'603811
博士眼镜,'300622
克来机电,'603960
中持股份,'603903
捷捷微电,'300623
康隆达,'603665
拉芳家化,'603630
大千生态,'603955
光库科技,'300620
皮阿诺,'002853
道道全,'002852
至正股份,'603991
牧高笛,'603908
尚品宅配,'300616
三星新材,'603578
海量数据,'603138
寒锐钴业,'300618
麦格米特,'002851
科达利,'002850
金银河,'300619
安靠智电,'300617
安井食品,'603345
诺邦股份,'603238
重庆建工,'600939
海峡环保,'603817
富瀚微,'300613
美力科技,'300611
博天环境,'603603
威星智能,'002849
白银有色,'601212
欣天科技,'300615
宣亚国际,'300612
汇纳科技,'300609
安正时尚,'603839
茶花股份,'603615
上海天洋,'603330
晨化股份,'300610
思特奇,'300608
高斯贝尔,'002848
江山欧派,'603208
科森科技,'603626
新坐标,'603040
拓斯达,'300607
数据港,'603881
镇海股份,'603637
金太阳,'300606
恒锋信息,'300605
盐津铺子,'002847
德创环保,'603177
康泰生物,'300601
英联股份,'002846
奇精机械,'603677
百傲化学,'603360
正裕工业,'603089
立昂技术,'300603
飞荣达,'300602
法兰泰克,'603966
华达科技,'603358
瑞特股份,'300600
会畅通讯,'300578
同兴达,'002845
集友股份,'603429
张家港行,'002839
中国银河,'601881
雄塑科技,'300599
吉大通信,'300597
艾迪精密,'603638
凯众股份,'603037
诚迈科技,'300598
华凯创意,'300592
泰嘉股份,'002843
杰克股份,'603337
利安隆,'300596
翔鹭钨业,'002842
视源股份,'002841
中国科传,'601858
天马科技,'603668
荣晟环保,'603165
欧普康视,'300595
华立股份,'603038
至纯科技,'603690
泛微网络,'603039
新雷能,'300593
江龙船艇,'300589
海利尔,'603639
清源股份,'603628
海辰药业,'300584
和胜股份,'002824
荣泰健康,'603579
移为通信,'300590
贝斯特,'300580
皖天然气,'603689
天龙股份,'603266
万里马,'300591
华统股份,'002840
太平鸟,'603877
景旺电子,'603228
赛托生物,'300583
道恩股份,'002838
常熟汽饰,'603035
德新交运,'603032
熙菱信息,'300588
天铁股份,'300587
吉比特,'603444
美联新材,'300586
华正新材,'603186
中原证券,'601375
亚翔集成,'603929
浙江仙通,'603239
奥联电子,'300585
英维克,'002837
新宏泽,'002836
元祖股份,'603886
日月股份,'603218
英飞特,'300582
同为股份,'002835
弘亚数控,'002833
杭叉集团,'603298
贵广网络,'600996
永吉股份,'603058
数字认证,'300579
比音勒芬,'002832
汇金通,'603577
信捷电气,'603416
开润股份,'300577
百合花,'603823
晨曦航空,'300581
容大感光,'300576
中旗股份,'300575
武进不锈,'603878
森特股份,'603098
裕同科技,'002831
苏利股份,'603585
家家悦,'603708
平治信息,'300571
名雕股份,'002830
星网宇达,'002829
兴业股份,'603928
如通股份,'603036
高争民爆,'002827
易明医药,'002826
麦迪科技,'603990
兴齐眼药,'300573
贝肯能源,'002828
三维股份,'603033
华安证券,'600909
安车检测,'300572
太辰光,'300570
中通国脉,'603559
苏州科达,'603660
星源材质,'300568
湘油泵,'603319
苏农银行,'603323
纳尔股份,'002825
中装建设,'002822
神力股份,'603819
天能重工,'300569
宏辉果蔬,'603336
凯中精密,'002823
莱绅通灵,'603900
博迈科,'603727
精测电子,'300567
科信技术,'300565
康德莱,'603987
步长制药,'603858
凯莱英,'002821
桂发祥,'002820
徕木股份,'603633
汇金科技,'300561
上海银行,'601229
乐心医疗,'300562
激智科技,'300566
神宇股份,'300563
国泰集团,'603977
东方中科,'002819
海兴电力,'603556
国检集团,'603060
富森美,'002818
快克股份,'603203
海天精工,'601882
贝达药业,'300558
丝路视觉,'300556
中富通,'300560
佳发教育,'300559
理工光科,'300557
塞力斯,'603716
新华网,'603888
杭州银行,'600926
电魂网络,'603258
五洲新春,'603667
黄山胶囊,'002817
和科达,'002816
能科股份,'603859
集智股份,'300553
万集科技,'300552
路通视信,'300555
古鳌科技,'300551
和仁科技,'300550
汇顶科技,'603160
顾家家居,'603816
梦百合,'603313
来伊份,'603777
博创科技,'300548
崇达技术,'002815
路畅科技,'002813
鼎信通讯,'603421
城地股份,'603887
常熟银行,'601128
优德精密,'300549
川环科技,'300547
泰晶科技,'603738
雄帝科技,'300546
联得装备,'300545
无锡银行,'600908
新晨科技,'300542
农尚环境,'300536
通用股份,'601500
网达软件,'603189
恩捷股份,'002812
振华股份,'603067
先进数通,'300541
陇神戎发,'300534
新天然气,'603393
三角轮胎,'601163
朗科智能,'300543
郑中设计,'002811
正平股份,'603843
江阴银行,'002807
安图生物,'603658
宏盛股份,'603090
横河模具,'300539
广信材料,'300537
花王股份,'603007
同益股份,'300538
山东赫达,'002810
深冷股份,'300540
红墙股份,'002809
安德利,'603031
欧普照明,'603515
兆易创新,'603986
冰川网络,'300533
今天国际,'300532
上海电影,'601595
贵阳银行,'601997
广西广电,'600936
上海亚虹,'603159
达威股份,'300535
恒久科技,'002808
长久物流,'603569
中国电影,'600977
优博讯,'300531
达志科技,'300530
新华文轩,'601811
幸福蓝海,'300528
中船应急,'300527
江苏银行,'600919
健帆生物,'300529
中潜股份,'300526
三祥新材,'603663
超讯通信,'603322
博思软件,'300525
辰安科技,'300523
华锋股份,'002806
海波重科,'300517
海汽集团,'603069
吉宏股份,'002803
科大国创,'300520
丰元股份,'002805
玲珑轮胎,'601966
世名科技,'300522
爱司凯,'300521
新宏泰,'603016
哈森股份,'603958
洪汇新材,'002802
合诚股份,'603909
新光药业,'300519
盛讯达,'300518
微光股份,'002801
小康股份,'601127
三德科技,'300515
环球印务,'002799
上海沪工,'603131
中国核建,'601611
三棵树,'603737
久之洋,'300516
恒实科技,'300513
天顺股份,'002800
中亚股份,'300512
帝欧家居,'002798
四方科技,'603339
百利科技,'603959
第一创业,'002797
世嘉科技,'002796
汇嘉时代,'603101
金冠股份,'300510
雪榕生物,'300511
多伦科技,'603528
苏奥传感,'300507
嘉澳环保,'603822
永和智控,'002795
天鹅股份,'603029
新美星,'300509
朗迪集团,'603726
维宏股份,'300508
飞科电器,'603868
罗欣药业,'002793
德宏股份,'603701
康普顿,'603798
赛福天,'603028
景嘉微,'300474
坚朗五金,'002791
通宇通讯,'002792
名家汇,'300506
白云电器,'603861
蓝海华腾,'300484
华钰矿业,'601020
川金诺,'300505
建艺集团,'002789
金徽酒,'603919
司太立,'603520
昊志机电,'300503
瑞尔特,'002790
千禾味业,'603027
新易盛,'300502
天创时尚,'603608
鹭燕医药,'002788
南方传媒,'601900
东方时尚,'603377
海顺新材,'300501
启迪设计,'300500
高澜股份,'300499
高科石化,'002778
乾景园林,'603778
苏盐井神,'603299
盛天网络,'300494
通合科技,'300491
华自科技,'300490
华源控股,'002787
久远银海,'002777
思维列控,'603508
华图山鼎,'300492
银宝山新,'002786
万里石,'002785
桃李面包,'603866
富祥药业,'300497
美尚生态,'300495
可立克,'002782
奇信股份,'002781
读者传媒,'603999
道森股份,'603800
中科创达,'300496
润欣科技,'300493
博敏电子,'603936
安记食品,'603696
邦宝益智,'603398
凯龙股份,'002783
三夫户外,'002780
中坚科技,'002779
蓝晓科技,'300487
光力科技,'300480
四通股份,'603838
中飞股份,'300489
恒锋工具,'300488
金诚信,'603979
恒通股份,'603223
天成自控,'603085
东杰智能,'300486
沃施股份,'300483
万孚生物,'300482
濮阳惠成,'300481
国恩股份,'002768
口子窖,'603589
万林物流,'603117
红蜻蜓,'603116
文科园林,'002775
真视通,'002771
普路通,'002769
国泰君安,'601211
赛升药业,'300485
柏堡龙,'002776
康弘药业,'002773
众兴菌业,'002772
绿城水务,'601368
神思电子,'300479
德尔股份,'300473
中密控股,'300470
先锋电子,'002767
蓝黛传动,'002765
韩建河山,'603616
音飞储存,'603066
宝钢包装,'601968
胜宏科技,'300476
新元科技,'300472
厚普股份,'300471
信息发展,'300469
凤形股份,'002760
中国核电,'601985
杭州高新,'300478
合纵科技,'300477
聚隆科技,'300475
星徽精密,'300464
汇洁股份,'002763
金发拉比,'002762
多喜爱,'002761
永创智能,'603901
华铁应急,'603300
石大胜华,'603026
金桥信息,'603918
灵康药业,'603669
伟明环保,'603568
迎驾贡酒,'603198
赛摩智能,'300466
高伟达,'300465
迈克生物,'300463
天际股份,'002759
吉祥航空,'603885
引力传媒,'603598
润达医疗,'603108
威帝股份,'603023
四方精创,'300468
迅游科技,'300467
华铭智能,'300462
华通医药,'002758
南兴股份,'002757
田中精机,'300461
永东股份,'002753
醋化股份,'603968
普莱柯,'603566
金海环境,'603311
新通联,'603022
先导智能,'300450
艾华集团,'603989
海利生物,'603718
雪峰科技,'603227
惠伦晶体,'300460
金科文化,'300459
全志科技,'300458
康拓红外,'300455
三鑫医疗,'300453
山河药辅,'300452
永兴材料,'002756
奥赛康,'002755
赢合科技,'300457
赛微电子,'300456
创业慧康,'300451
广信股份,'603599
莱克电气,'603355
中光防雷,'300414
江苏有线,'600959
星光农机,'603789
珍宝岛,'603567
派思股份,'603318
福鞍股份,'603315
浩云科技,'300448
康斯特,'300445
普丽盛,'300442
鹏辉能源,'300438
金石亚药,'300434
博济医药,'300404
易尚展示,'002751
老百姓,'603883
盛洋科技,'603703
山东华鹏,'603021
乐凯新材,'300446
双杰电气,'300444
鲍斯股份,'300441
运达科技,'300440
清水源,'300437
曲美家居,'603818
歌力思,'603808
大豪科技,'603025
汉邦高科,'300449
全信股份,'300447
金雷股份,'300443
美康生物,'300439
广生堂,'300436
航新科技,'300424
昇兴股份,'002752
新智认知,'603869
九华旅游,'603199
中泰股份,'300435
浙江鼎力,'603338
爱普股份,'603020
龙韵股份,'603729
强力新材,'300429
龙津药业,'002750
东方证券,'600958
腾龙股份,'603158
全筑股份,'603030
创力集团,'603012
国光股份,'002749
埃斯顿,'002747
立霸股份,'603519
松发股份,'603268
拓普集团,'601689
富临精工,'300432
诚益通,'300430
四通新材,'300428
恒通科技,'300374
世龙实业,'002748
蓝思科技,'300433
弘讯科技,'603015
继峰股份,'603997
维力医疗,'603309
银龙股份,'603969
柯利达,'603828
东兴证券,'601198
共进股份,'603118
益丰药房,'603939
好莱客,'603898
杭电股份,'603618
济民制药,'603222
红相股份,'300427
唐德影视,'300426
鲁亿通,'300423
博世科,'300422
力星股份,'300421
五洋停车,'300420
天孚通信,'300394
木林森,'002745
富煌钢构,'002743
三圣股份,'002742
中建环能,'300425
仙坛股份,'002746
光华科技,'002741
华友钴业,'603799
航天工程,'603698
诺力股份,'603611
晨光文具,'603899
健盛集团,'603558
利民股份,'002734
龙马环卫,'603686
火炬电子,'603678
永艺股份,'603600
南华仪器,'300417
伊之密,'300415
再升科技,'603601
西部黄金,'601069
浩丰科技,'300419
苏试试验,'300416
爱迪尔,'002740
万达电影,'002739
春秋航空,'601021
昆仑万维,'300418
芒果超媒,'300413
中文在线,'300364
宁波高发,'603788
新澳股份,'603889
中衡设计,'603017
迦南科技,'300412
金盾股份,'300411
正业科技,'300410
南威软件,'603636
中矿资源,'002738
葵花药业,'002737
高能环境,'603588
国信证券,'002736
XD华电重,'601226
海南矿业,'601969
方盛制药,'603998
燕塘乳业,'002732
柳药股份,'603368
锦泓集团,'603518
道氏技术,'300409
三环集团,'300408
凯发电气,'300407
王子新材,'002735
雄韬股份,'002733
福达股份,'603166
宁波精达,'603088
合锻智能,'603011
中科曙光,'603019
陕西黑猫,'601015
中电电机,'603988
萃华珠宝,'002731
海洋王,'002724
石英股份,'603688
九强生物,'300406
科隆股份,'300405
汉宇集团,'300403
东方电缆,'603606
中设集团,'603018
九洲药业,'603456
万盛股份,'603010
宝色股份,'300402
劲拓股份,'300400
兰石重装,'603169
花园生物,'300401
京天利,'300399
飞凯材料,'300398
电光科技,'002730
重庆燃气,'600917
节能风电,'601016
华懋科技,'603306
中来股份,'300393
好利来,'002729
天和防务,'300397
迪瑞医疗,'300396
菲利华,'300395
腾信股份,'300392
福斯特,'603806
会稽山,'601579
长白山,'603099
禾丰牧业,'603609
川仪股份,'603100
康尼机电,'603111
康跃科技,'300391
艾比森,'300389
国祯环保,'300388
三联虹普,'300384
中材节能,'603126
天华超净,'300390
特一药业,'002728
北特科技,'603009
今世缘,'603369
莎普爱思,'603168
富邦股份,'300387
一心堂,'002727
依顿电子,'603328
联明股份,'603006
飞天诚信,'300386
雪浪环境,'300385
龙大肉食,'002726
岭南股份,'002717
登云股份,'002715
东易日盛,'002713
海天味业,'603288
晶方科技,'603005
光环新网,'300383
斯莱克,'300382
绿盟科技,'300369
东方网力,'300367
博腾股份,'300363
跃岭股份,'002725
金莱特,'002723
陕西煤业,'601225
溢多利,'300381
安硕信息,'300380
东方通,'300379
金轮股份,'002722
友邦吊顶,'002718
牧原股份,'002714
鼎捷软件,'300378
赢时胜,'300377
易事特,'300376
鹏翎股份,'300375
创意信息,'300366
金一文化,'002721
扬杰科技,'300373
汇中股份,'300371
安控科技,'300370
汇金股份,'300368
恒华科技,'300365
思美传媒,'002712
天赐材料,'002709
众信旅游,'002707
应流股份,'603308
炬华科技,'300360
全通教育,'300359
楚天科技,'300358
我武生物,'300357
光洋股份,'002708
良信电器,'002706
新宝股份,'002705
纽威股份,'603699
